"borrower_id","category_id","id","Default_Prediction"
15031,"nan",4863,0.19791221847336257
15031,"nan",5687,0.1587796756766407
15057,"nan",4895,0.22782416216944634
15057,"9c",10181,0.21247299941064737
15057,"9c",20720,0.1841389450202001
15057,"9c",33386,0.24769686986949582
15059,"nan",4859,0.5450761860925886
